Модель,SoC,Ядра,Частота,Wi-Fi,Flash,RAM,Антенны,Multi-Gig порт,USB,Управление питанием USB,PoE,Порты,Форм-фактор,Доступность
ABT ASR3000,MT7981B,2,1.3 ГГц,Wi-Fi 6,128 MB NAND,256 MB DDR3,5 внешних,Нет,Нет,Нет,Нет,4,Настольный,Китай
Bazis AX3000WM / WD-R3000N-G2A[6],MT7981B,2,1.3 ГГц,Wi-Fi 6,128 MB NAND,256 MB DDR3,2 внешних + 1 внутр.,1x 2.5G,USB 3.0|good,Да|good,Нет,2,Компактный,Маркетплейсы / Китай
Cetron CT3003,MT7981B,2,1.3 ГГц,Wi-Fi 6,128 MB NAND,256 MB DDR3,5 внешних,Нет,Нет,Нет,Нет,4,Настольный,Китай
CMCC A10 / SuperElectron ZN-M5,MT7981B,2,1.3 ГГц,Wi-Fi 6,128 MB NAND,256 MB DDR3,6 внешних,Нет,Нет,Нет,Нет,4,Настольный,Китай
CMCC RAX3000M / RAX3000Me / XR30[1],MT7981B,2,1.3 ГГц,Wi-Fi 6,128 MB NAND / 64 GB eMMC|good,512 MB DDR4,4 внешних,Нет,USB 3.0|good,Да[3]|warn,Нет,4,Настольный,Китай
CreatLentem CLT-R30B1,MT7981B,2,1.3 ГГц,Wi-Fi 6,128 MB NAND,256 MB DDR3,5 внешних,Нет,Нет,Нет,Нет,4,Настольный,Китай
COMFAST CF-WR632AX[5],MT7981B,2,1.3 ГГц,Wi-Fi 6,128 MB NAND,512 MB DDR3,4 внешних,1x 2.5G,USB 3.0|good,Нет,Нет,2,Компактный,Маркетплейсы
Cudy AP3000 v1,MT7981B,2,1.3 ГГц,Wi-Fi 6,256 MB NAND,512 MB DDR4,5 внутренних,1x 2.5G,Нет,Нет,Да (WAN)|good,1,Точка доступа,Маркетплейсы / Розница
Cudy AP3000 Outdoor v1,MT7981B,2,1.3 ГГц,Wi-Fi 6,128 MB NAND,256 MB DDR3,2 внешних + 1 внутр.,Нет,Нет,Нет,Да (WAN)|good,1,Точка доступа,Маркетплейсы / Розница
Cudy AP3000 Wall v1,MT7981B,2,1.3 ГГц,Wi-Fi 6,128 MB NAND,256 MB DDR3,3 внутренних,Нет,Нет,Нет,Да (WAN)|good,5,Точка доступа,Маркетплейсы / Розница
Cudy M3000 v1 / M3000 v2[7],MT7981B,2,1.3 ГГц,Wi-Fi 6,128 MB NAND,256 MB DDR3,5 внутренних,1x 2.5G,Нет,Нет,Нет,2,Настольный,Маркетплейсы / Розница
Cudy TR3000 / TR30,MT7981B,2,1.3 ГГц,Wi-Fi 6,128 / 256 MB NAND[4],512 MB DDR3,2 внешних + 1 внутр.,1x 2.5G,USB 3.0|good,Да[2]|warn,Нет,2,Компактный,Маркетплейсы / Розница
Cudy WBR3000UAX v1,MT7981B,2,1.3 ГГц,Wi-Fi 6,128 MB NAND,512 MB DDR3,4 внешних,Нет,USB 3.0|good,Да[2]|warn,Нет,5,Настольный,Снят с продажи
Cudy WR3000E v1,MT7981B,2,1.3 ГГц,Wi-Fi 6,128 MB NAND,256 MB DDR3,4 внешних,Нет,Нет,Нет,Нет,5,Настольный,Снят с продажи
Cudy WR3000H v1,MT7981B,2,1.3 ГГц,Wi-Fi 6,128 MB NAND,256 MB DDR3,4 внешних,1x 2.5G,Нет,Нет,Нет,5,Настольный,Маркетплейсы / Розница
Cudy WR3000P v1,MT7981B,2,1.3 ГГц,Wi-Fi 6,128 MB NAND,512 MB DDR4,4 внешних,1x 2.5G,USB 2.0,Да[2]|warn,Да (WAN)|good,5,Настольный,Маркетплейсы / Розница
Cudy WR3000S v1,MT7981B,2,1.3 ГГц,Wi-Fi 6,128 MB NAND,256 MB DDR3,4 внешних,Нет,Нет,Нет,Нет,5,Настольный,Маркетплейсы / Розница
Cudy WR3000U v1,MT7981B,2,1.3 ГГц,Wi-Fi 6,256 MB NAND,512 MB DDR3,4 внешних,Нет,USB 3.0|good,Нет,Нет,5,Настольный,Маркетплейсы / Розница
D-Link AQUILA PRO AI M30 A1,MT7981B,2,1.3 ГГц,Wi-Fi 6,128 MB NAND,512 MB DDR3,5 внутренних,Нет,Нет,Нет,Нет,5,Настольный,Маркетплейсы
Gemtek MXF-W1700K,AN7581GT|good,4|good,1.3 ГГц,Wi-Fi 7|good,512 MB NAND|good,2048 MB DDR4|good,9 внутренних|good,2x 10G|good,Нет,Нет,Нет,6,Настольный,Китай
GL.iNet Beryl AX (GL-MT3000)[5],MT7981B,2,1.3 ГГц,Wi-Fi 6,256 MB NAND,512 MB DDR3,2 внешних + 1 внутр.,1x 2.5G,USB 3.0|good,Да|good,Нет,2,Компактный,Маркетплейсы
GL.iNet Flint 2 (GL-MT6000),MT7986|good,4|good,2.0 ГГц|good,Wi-Fi 6,8 GB eMMC|good,1024 MB DDR4|good,4 внешних,2x 2.5G|good,USB 3.0|good,Нет,Нет,6,Настольный,Маркетплейсы
H3C Magic NX30 Pro,MT7981B,2,1.3 ГГц,Wi-Fi 6,128 MB NAND,256 MB DDR3,5 внешних,Нет,Нет,Нет,Нет,4,Настольный,Маркетплейсы / Китай
Huasifei WH3000[5],MT7981B,2,1.3 ГГц,Wi-Fi 6,8 GB eMMC|good,1024 MB DDR4|good,2 внешних + 1 внутр.,1x 2.5G,USB 3.0|good,Да|good,Нет,2,Компактный,Маркетплейсы
Huasifei WH3000 Pro eMMC[5],MT7981B,2,1.3 ГГц,Wi-Fi 6,8 GB eMMC|good,1024 MB DDR4|good,2 внешних + 1 внутр.,1x 2.5G,USB 3.0 + m2 модуль|good,Да|good,Нет,2,Компактный,Маркетплейсы
Huasifei WH3000 Pro NAND[5],MT7981B,2,1.3 ГГц,Wi-Fi 6,256 MB NAND,1024 MB DDR4|good,2 внешних + 1 внутр.,1x 2.5G,USB 3.0 + m2 модуль|good,Да|good,Нет,2,Компактный,Маркетплейсы
Huasifei WH3000R NAND,MT7981B,2,1.3 ГГц,Wi-Fi 6,256 MB NAND,512 MB DDR3,4 внешних,Нет,USB 3.0|good,Нет,Нет,4,Настольный,Маркетплейсы
JCG Q30 Pro,MT7981B,2,1.3 ГГц,Wi-Fi 6,128 MB NAND,256 MB DDR3,5 внешних,Нет,Нет,Нет,Нет,4,Настольный,Китай
Konka KOMI A31,MT7981B,2,1.3 ГГц,Wi-Fi 6,128 MB NAND,256 MB DDR3,5 внешних,Нет,Нет,Нет,Нет,4,Настольный,Китай
Mercusys MR85X,MT7981B,2,1.3 ГГц,Wi-Fi 6,128 MB NAND,512 MB DDR3,4 внешних,1x 2.5G,Нет,Нет,Нет,4,Настольный,Маркетплейсы / Розница
Mercusys MR90X v1,MT7986BLA|good,4|good,1.6 ГГц,Wi-Fi 6,128 MB NAND,512 MB DDR3,8 внешних|good,1x 2.5G,Нет,Нет,Нет,4,Настольный,Маркетплейсы / Розница
Netcore n60,MT7986A|good,4|good,2.0 ГГц|good,Wi-Fi 6,128 MB NAND,256 MB DDR4,8 внешних|good,1x 2.5G,Нет,Нет,Нет,5,Настольный,Китай
netis EAP930,MT7981B,2,1.3 ГГц,Wi-Fi 6,128 MB NAND,256 MB DDR3,5 внутренних,Нет,Нет,Нет,Да (WAN)|good,1,Точка доступа,Маркетплейсы / Розница
netis N6v2,MT7981B,2,1.3 ГГц,Wi-Fi 6,128 MB NAND,256 MB DDR3,4 внешних,Нет,USB 3.0|good,Нет,Нет,4,Настольный,Маркетплейсы / Розница
netis NX30v2[8],MT7981B,2,1.3 ГГц,Wi-Fi 6,128 MB NAND,256 MB DDR3,5 внешних,Нет,Нет,Нет,Нет,4,Настольный,Маркетплейсы / Розница
netis NX31 / W3000G,MT7981B,2,1.3 ГГц,Wi-Fi 6,128 MB NAND,256 MB DDR3,4 внешних,Нет,Нет,Нет,Нет,4,Настольный,Маркетплейсы / Розница
netis NX32U,MT7981B,2,1.3 ГГц,Wi-Fi 6,128 MB NAND,256 MB DDR3,4 внешних,Нет,USB 3.0|good,Нет,Нет,4,Настольный,Маркетплейсы / Розница
netis NX62 / Netcore n60 pro,MT7986AV|good,4|good,2.0 ГГц|good,Wi-Fi 6,128 MB NAND,512 MB DDR4[9],8 внешних|good,2x 2.5G|good,USB 3.0|good,Нет,Нет,5,Настольный,Маркетплейсы / Розница / Китай
Nokia EA0326GMP,MT7981B,2,1.3 ГГц,Wi-Fi 6,128 MB NAND,256 MB DDR3,5 внешних,Нет,Нет,Нет,Нет,4,Настольный,Китай
Nokia XG-040G-MD,AN7581DT|good,4|good,1.2 ГГц[10],Нет|warn,256 MB NAND,512 MB DDR4,Нет,1x 2.5G,"1x USB 2.0, 1x USB 3.0|good",2х GPIO,Нет,4,Настольный,Китай
Nokia XG-040G-MF,AN7583DT,2,1.2 ГГц[10],Нет|warn,256 MB NAND,512 MB DDR4,Нет,1x 2.5G,"1x USB 2.0, 1x USB 3.0|good",2х GPIO,Нет,4,Настольный,Китай
Qihoo 360T7,MT7981B,2,1.3 ГГц,Wi-Fi 6,128 MB NAND,256 MB DDR3,5 внешних,Нет,Нет,Нет,Нет,4,Настольный,Китай
Routerich AX3000 v1,MT7981B,2,1.3 ГГц,Wi-Fi 6,128 MB NAND,512 MB DDR3,6 внешних,Нет,USB 3.0|good,Да|good,Нет,4,Настольный,Маркетплейсы / ТГ чат
SNR CPE AX2,MT7981B,2,1.3 ГГц,Wi-Fi 6,128 MB NAND,256 MB DDR3,4 внешних,Нет,Нет,Нет,Нет,5,Настольный,Маркетплейсы
Tenda BE12 Pro,MT7987A|good,4|good,2.0 ГГц|good,Wi-Fi 7 без 6 ГГц|warn,128 MB NAND,512 MB DDR4,5 внешних,2x 2.5G|good,Нет,Нет,Нет,5,Настольный,Маркетплейсы / Китай
TP-Link TL-7DR7230 v1/v2,MT7988D|good,3,1.8 ГГц|good,Wi-Fi 7 без 6 ГГц|warn,128 MB NAND,512 MB DDR4/3,8 внешних|good,1x 2.5G,Нет,Нет,Нет,5,Настольный,Маркетплейсы / Китай
TP-Link TL-7DR7250 v1,MT7988D|good,3,1.8 ГГц|good,Wi-Fi 7 без 6 ГГц|warn,128 MB NAND,512 MB DDR4,5 внутренних,2x 2.5G|good,Нет,Нет,Нет,4,Настольный,Маркетплейсы / Китай
Wavlink WL-WNT100X3[5],MT7981B,2,1.3 ГГц,Wi-Fi 6,128 MB NAND,512 MB DDR3,2 внешних + 1 внутр.,Нет,USB 3.0|good,Нет,Нет,2,Компактный,Маркетплейсы
wwGate AX3000,MT7981B,2,1.3 ГГц,Wi-Fi 6,256 MB NAND,512 MB DDR3,4 внешних,Нет,USB 3.0|good,Нет,Нет,4,Настольный,Маркетплейсы
Xiaomi WR30U,MT7981B,2,1.3 ГГц,Wi-Fi 6,128 MB NAND,256 MB DDR3,5 внешних,Нет,Нет,Нет,Нет,4,Настольный,Китай
